Neighborhood,House_Age,Sqft,Bedrooms,Bathrooms,Garage_Cars,Has_Pool,Floors,Condition,Price
Suburbs,46,2192.0,4.0,3.0,1.0,0,2,Fair,231000
Uptown,11,3298.0,2.0,1.0,1.0,0,1,Good,626000
Midtown,15,1679.0,1.0,1.0,1.0,0,3,Good,274000
Rural,23,2838.0,6.0,4.0,,0,3,Good,294000
Downtown,18,2171.0,1.0,1.0,0.0,0,1,Good,345000
Downtown,7,3715.0,1.0,1.0,1.0,0,1,Good,656000
Downtown,30,605.0,5.0,2.0,1.0,0,3,Good,130000
Uptown,20,1943.0,5.0,2.0,,0,3,Poor,333000
Rural,16,,2.0,1.0,0.0,0,1,Poor,233000
Midtown,22,,4.0,3.0,1.0,1,2,Fair,350000
Downtown,36,501.0,2.0,1.0,1.0,0,1,Good,74000
Uptown,53,3136.0,3.0,2.0,1.0,0,1,Excellent,606000
Midtown,15,3191.0,1.0,1.0,1.0,0,2,Good,464000
Suburbs,5,2637.0,6.0,3.0,1.0,1,1,Fair,386000
Downtown,7,3916.0,1.0,1.0,2.0,1,3,Fair,695000
Downtown,24,849.0,1.0,1.0,1.0,1,1,Fair,142000
Suburbs,17,4030.0,2.0,1.0,1.0,0,2,Good,472000
Rural,24,1786.0,,4.0,1.0,0,1,Good,189000
Suburbs,11,3922.0,6.0,3.0,1.0,0,2,Good,526000
Suburbs,14,3679.0,6.0,4.0,1.0,0,2,Fair,483000
Rural,58,4157.0,2.0,1.0,1.0,1,1,Fair,340000
Downtown,25,1562.0,1.0,1.0,2.0,0,2,Poor,204000
Suburbs,40,3456.0,,1.0,1.0,0,1,Fair,377000
Suburbs,44,2706.0,5.0,3.0,0.0,0,1,Good,302000
Suburbs,25,4154.0,5.0,4.0,1.0,1,2,Fair,529000
Midtown,46,3506.0,2.0,1.0,2.0,0,1,Good,471000
Downtown,31,2859.0,6.0,4.0,0.0,0,2,Good,530000
Rural,9,3812.0,1.0,,2.0,0,2,Excellent,422000
Rural,15,944.0,2.0,1.0,1.0,0,2,Excellent,110000
Downtown,6,2845.0,2.0,,2.0,0,1,Good,523000
Rural,16,1451.0,2.0,1.0,2.0,1,1,Poor,126000
Downtown,22,535.0,3.0,,1.0,0,1,Good,133000
Downtown,25,1607.0,,4.0,0.0,0,2,Good,302000
Uptown,20,1975.0,,,0.0,0,2,Poor,344000
Uptown,21,4457.0,4.0,3.0,1.0,0,2,Good,851000
Midtown,57,2298.0,6.0,4.0,,1,1,Excellent,428000
Suburbs,6,2345.0,4.0,2.0,1.0,1,1,Good,362000
Downtown,13,1908.0,3.0,1.0,1.0,0,1,Poor,279000
Rural,14,,2.0,1.0,1.0,1,1,Poor,154000
Suburbs,52,1899.0,3.0,2.0,2.0,0,1,Good,252000
Downtown,6,2208.0,3.0,,,0,1,Fair,398000
Suburbs,8,1885.0,1.0,1.0,0.0,0,1,Good,254000
Downtown,50,,5.0,3.0,0.0,0,1,Good,505000
Uptown,47,3438.0,4.0,3.0,,0,1,Fair,579000
Suburbs,7,2688.0,2.0,1.0,1.0,0,1,Excellent,404000
Rural,49,3434.0,4.0,2.0,1.0,0,1,Good,292000
Suburbs,58,4489.0,6.0,4.0,0.0,0,1,Fair,488000
Rural,22,3689.0,4.0,,1.0,0,2,Good,351000
Rural,28,1800.0,6.0,4.0,0.0,0,1,Good,181000
Downtown,17,3273.0,5.0,3.0,2.0,1,1,Good,641000
Uptown,30,1743.0,,5.0,2.0,0,1,Excellent,496000
Midtown,29,4476.0,4.0,3.0,1.0,0,1,Good,679000
Uptown,51,3597.0,4.0,2.0,,1,1,Excellent,770000
Uptown,38,1020.0,6.0,3.0,1.0,0,1,Good,216000
Rural,34,2306.0,3.0,2.0,2.0,0,2,Good,235000
Uptown,17,509.0,5.0,3.0,2.0,0,1,Excellent,234000
Downtown,58,1483.0,,1.0,1.0,0,1,Good,177000
Downtown,41,2925.0,2.0,1.0,2.0,0,2,Fair,455000
Downtown,38,2156.0,4.0,3.0,1.0,0,1,Good,391000
Suburbs,16,2160.0,2.0,1.0,1.0,1,1,Good,293000
Suburbs,13,3229.0,1.0,1.0,0.0,1,2,Fair,393000
Suburbs,30,3131.0,2.0,1.0,1.0,1,2,Excellent,463000
Midtown,23,2699.0,1.0,1.0,2.0,0,1,Fair,370000
Suburbs,34,1219.0,6.0,4.0,2.0,0,1,Fair,150000
Suburbs,43,1572.0,3.0,1.0,1.0,0,1,Excellent,187000
Rural,59,3725.0,4.0,3.0,2.0,0,1,Good,336000
Downtown,44,1358.0,1.0,1.0,2.0,1,2,Poor,190000
Midtown,33,1816.0,2.0,2.0,,0,1,Good,257000
Downtown,2,2103.0,4.0,2.0,1.0,0,1,Good,423000
Uptown,36,549.0,3.0,1.0,0.0,0,3,Poor,84000
Midtown,42,3211.0,6.0,3.0,1.0,1,3,Excellent,591000
Downtown,39,3078.0,4.0,2.0,2.0,1,1,Good,569000
Downtown,25,4183.0,1.0,,0.0,0,2,Good,690000
Midtown,54,3631.0,3.0,2.0,,1,1,Good,502000
Midtown,22,3738.0,2.0,1.0,1.0,0,2,Good,530000
Midtown,43,3773.0,3.0,2.0,1.0,0,1,Fair,483000
Midtown,38,3404.0,3.0,2.0,1.0,1,1,Fair,495000
Downtown,14,645.0,5.0,3.0,1.0,0,1,Good,172000
Suburbs,55,1414.0,3.0,2.0,0.0,1,1,Excellent,196000
Downtown,48,4247.0,3.0,2.0,,0,1,Poor,545000
Uptown,3,3540.0,4.0,2.0,0.0,0,2,Good,680000
Rural,28,1962.0,2.0,1.0,1.0,1,2,Excellent,208000
Suburbs,21,2789.0,4.0,2.0,0.0,0,1,Fair,333000
Downtown,24,1080.0,4.0,2.0,2.0,1,1,Poor,212000
Suburbs,12,3234.0,1.0,,1.0,1,1,Good,403000
Suburbs,17,2084.0,4.0,2.0,1.0,0,2,Good,293000
Midtown,32,,5.0,4.0,1.0,0,3,Fair,184000
Rural,15,3679.0,5.0,3.0,1.0,0,3,Good,362000
Uptown,44,1749.0,1.0,,,0,2,Good,310000
Suburbs,41,1172.0,,5.0,0.0,0,1,Good,147000
Downtown,43,1130.0,2.0,1.0,1.0,0,1,Fair,127000
Midtown,1,3208.0,2.0,1.0,2.0,0,2,Good,498000
Midtown,54,1161.0,4.0,3.0,0.0,0,3,Good,155000
Rural,34,4003.0,4.0,2.0,0.0,1,1,Excellent,427000
Midtown,41,3352.0,,4.0,,1,1,Excellent,605000
Suburbs,33,4226.0,4.0,2.0,,0,2,Good,484000
Rural,29,2966.0,,1.0,1.0,0,1,Good,255000
Suburbs,58,,3.0,2.0,1.0,1,1,Good,196000
Downtown,54,4026.0,5.0,3.0,2.0,0,2,Fair,616000
Downtown,12,,3.0,1.0,2.0,0,1,Fair,637000
Downtown,12,2046.0,3.0,2.0,1.0,1,1,Good,442000
Rural,17,1149.0,2.0,2.0,1.0,0,2,Fair,130000
Suburbs,31,1468.0,3.0,1.0,2.0,0,2,Fair,171000
Rural,31,3137.0,6.0,3.0,1.0,1,3,Excellent,377000
Uptown,34,1600.0,1.0,1.0,2.0,1,1,Fair,293000
Suburbs,58,3056.0,4.0,2.0,2.0,0,1,Fair,333000
Suburbs,38,940.0,1.0,,2.0,0,2,Poor,106000
Midtown,45,3825.0,5.0,,,0,2,Good,562000
Suburbs,51,1420.0,4.0,2.0,1.0,0,1,Good,168000
Downtown,28,1269.0,3.0,,1.0,1,2,Good,258000
Suburbs,48,1843.0,5.0,,,0,1,Good,201000
Downtown,28,2326.0,4.0,3.0,0.0,1,1,Good,412000
Uptown,52,762.0,6.0,5.0,2.0,0,1,Excellent,181000
Midtown,43,4168.0,6.0,3.0,1.0,0,1,Excellent,705000
Rural,56,4229.0,6.0,4.0,0.0,0,1,Excellent,458000
Uptown,15,4406.0,6.0,4.0,0.0,0,2,Good,876000
Midtown,55,2077.0,3.0,,0.0,0,2,Fair,234000
Downtown,43,3945.0,1.0,1.0,1.0,0,3,Poor,515000
Uptown,46,3184.0,4.0,2.0,1.0,0,1,Poor,422000
Rural,56,3738.0,3.0,2.0,2.0,0,1,Good,312000
Midtown,9,4324.0,6.0,5.0,1.0,0,1,Excellent,809000
Uptown,29,3006.0,,1.0,0.0,1,1,Good,536000
Suburbs,24,,5.0,4.0,1.0,0,2,Poor,191000
Downtown,38,3851.0,5.0,3.0,2.0,0,2,Good,693000
Suburbs,19,1199.0,5.0,4.0,2.0,1,2,Excellent,266000
Suburbs,4,2849.0,6.0,4.0,0.0,1,1,Good,421000
Midtown,0,4102.0,5.0,3.0,2.0,0,1,Excellent,797000
Uptown,29,2103.0,2.0,1.0,2.0,0,1,Excellent,430000
Downtown,48,1741.0,,3.0,0.0,1,1,Excellent,343000
Rural,2,1625.0,4.0,2.0,0.0,1,2,Good,187000
Suburbs,44,3101.0,6.0,4.0,1.0,1,3,Good,398000
Suburbs,13,2835.0,2.0,1.0,0.0,0,1,Fair,328000
Downtown,55,1690.0,,,2.0,0,2,Poor,178000
Suburbs,29,3168.0,3.0,2.0,1.0,0,2,Good,411000
Uptown,49,1505.0,5.0,3.0,2.0,0,1,Fair,281000
Suburbs,3,535.0,1.0,1.0,1.0,0,2,Excellent,109000
Rural,17,1243.0,,2.0,0.0,1,1,Fair,104000
Midtown,36,2264.0,1.0,1.0,0.0,0,1,Excellent,312000
Suburbs,24,852.0,4.0,2.0,1.0,0,2,Good,127000
Uptown,47,4247.0,1.0,1.0,2.0,0,2,Good,719000
Uptown,0,2422.0,4.0,2.0,2.0,0,1,Excellent,595000
Suburbs,52,572.0,2.0,2.0,1.0,0,1,Good,50000
Suburbs,45,3195.0,2.0,2.0,1.0,1,2,Good,376000
Suburbs,14,1876.0,6.0,4.0,0.0,0,2,Fair,245000
Suburbs,8,2414.0,6.0,4.0,1.0,0,2,Good,384000
Downtown,14,1593.0,5.0,3.0,,1,1,Fair,337000
Rural,48,2972.0,3.0,2.0,1.0,0,3,Good,243000
Rural,56,3546.0,,2.0,1.0,0,1,Good,322000
Downtown,23,1207.0,4.0,2.0,2.0,1,2,Good,298000
Suburbs,3,2304.0,5.0,2.0,1.0,0,1,Good,341000
Uptown,11,3108.0,1.0,1.0,1.0,0,2,Good,581000
Suburbs,58,,4.0,2.0,1.0,1,1,Good,391000
Downtown,57,4213.0,6.0,4.0,1.0,0,1,Excellent,802000
Suburbs,36,1455.0,,2.0,1.0,0,1,Good,142000
Uptown,36,3064.0,6.0,3.0,2.0,0,1,Good,628000
Suburbs,42,2975.0,3.0,2.0,2.0,1,2,Good,370000
Rural,59,,4.0,,1.0,0,2,Excellent,401000
Midtown,5,659.0,4.0,3.0,1.0,0,3,Good,154000
Suburbs,38,2696.0,1.0,1.0,1.0,0,1,Good,291000
Midtown,55,3323.0,3.0,2.0,2.0,0,2,Good,499000
Suburbs,45,3801.0,2.0,2.0,0.0,1,2,Good,430000
Rural,23,2235.0,4.0,2.0,,0,1,Fair,229000
Rural,10,2085.0,4.0,3.0,1.0,0,1,Good,222000
Rural,12,566.0,1.0,1.0,1.0,0,2,Good,71000
Downtown,33,3561.0,5.0,2.0,1.0,0,3,Excellent,741000
Midtown,24,4383.0,2.0,2.0,2.0,0,2,Good,659000
Suburbs,6,2928.0,6.0,,0.0,1,1,Good,423000
Downtown,51,557.0,3.0,2.0,1.0,0,2,Fair,54000
Downtown,3,3830.0,4.0,,1.0,1,1,Excellent,854000
Rural,58,841.0,4.0,2.0,2.0,1,2,Excellent,119000
Rural,7,4409.0,6.0,4.0,2.0,0,2,Fair,417000
Downtown,19,1653.0,2.0,,1.0,0,1,Fair,247000
Rural,28,3274.0,5.0,3.0,2.0,1,2,Good,316000
Suburbs,53,1695.0,,2.0,1.0,0,1,Good,167000
Rural,52,3317.0,2.0,1.0,1.0,1,3,Good,297000
Downtown,50,3161.0,6.0,3.0,,0,1,Fair,520000
Rural,44,1732.0,1.0,,1.0,0,1,Fair,112000
Suburbs,45,4374.0,5.0,4.0,1.0,0,1,Good,532000
Uptown,9,2901.0,3.0,2.0,1.0,0,1,Good,559000
Downtown,42,1994.0,,2.0,,1,1,Good,322000
Suburbs,33,,2.0,1.0,2.0,0,2,Good,289000
Downtown,56,615.0,1.0,1.0,0.0,0,2,Fair,50000
Uptown,25,3835.0,3.0,2.0,1.0,1,2,Good,735000
Uptown,40,1161.0,2.0,1.0,1.0,0,1,Fair,189000
Suburbs,48,4383.0,2.0,1.0,2.0,0,2,Good,519000
Rural,57,1965.0,3.0,2.0,0.0,1,1,Good,179000
Midtown,2,4119.0,1.0,1.0,1.0,0,2,Poor,497000
Rural,55,,6.0,4.0,2.0,0,1,Poor,246000
Rural,5,,1.0,1.0,1.0,0,3,Poor,219000
Suburbs,4,4048.0,5.0,3.0,1.0,0,2,Good,547000
Downtown,4,2834.0,4.0,2.0,2.0,0,2,Excellent,651000
Uptown,53,3874.0,3.0,2.0,0.0,0,1,Poor,493000
Uptown,46,1516.0,6.0,5.0,1.0,0,1,Excellent,329000
Rural,22,810.0,3.0,2.0,1.0,0,1,Fair,64000
Suburbs,48,707.0,3.0,1.0,1.0,0,2,Excellent,57000
Suburbs,8,3165.0,1.0,1.0,1.0,0,3,Good,406000
Midtown,34,2993.0,,2.0,0.0,0,1,Good,412000
Uptown,19,3217.0,5.0,3.0,,1,2,Good,679000
Uptown,57,1132.0,2.0,1.0,0.0,0,2,Good,120000
Midtown,48,2602.0,,1.0,2.0,0,2,Excellent,395000
Rural,58,3459.0,3.0,2.0,1.0,0,1,Good,282000
Downtown,41,3583.0,4.0,,,0,1,Good,588000
Downtown,34,1156.0,6.0,4.0,2.0,0,1,Fair,238000
Uptown,49,1923.0,1.0,1.0,1.0,0,2,Fair,256000
Rural,17,2431.0,4.0,2.0,0.0,0,1,Excellent,270000
Downtown,16,4219.0,4.0,3.0,2.0,0,1,Good,770000
Downtown,23,3527.0,1.0,1.0,1.0,1,3,Good,602000
Rural,2,3062.0,3.0,2.0,0.0,0,2,Good,312000
Downtown,31,2179.0,4.0,2.0,2.0,0,2,Excellent,471000
Downtown,34,4113.0,2.0,1.0,1.0,1,1,Good,715000
Rural,37,736.0,1.0,1.0,1.0,0,1,Good,50000
Rural,12,3850.0,6.0,3.0,1.0,0,3,Good,389000
Rural,55,847.0,5.0,3.0,1.0,0,1,Good,70000
Suburbs,46,3174.0,3.0,,1.0,0,1,Fair,331000
Midtown,24,3675.0,1.0,1.0,2.0,0,1,Excellent,623000
Suburbs,8,1129.0,5.0,2.0,1.0,0,1,Good,196000
Suburbs,3,2040.0,5.0,3.0,2.0,0,1,Excellent,378000
Midtown,13,2503.0,6.0,5.0,1.0,0,2,Poor,379000
Rural,36,4443.0,4.0,2.0,2.0,0,3,Poor,342000
Midtown,33,1771.0,6.0,3.0,2.0,1,3,Excellent,387000
Rural,10,863.0,4.0,,1.0,0,1,Good,106000
Rural,40,,4.0,3.0,1.0,0,1,Good,258000
Downtown,55,4204.0,1.0,1.0,1.0,0,1,Good,614000
Suburbs,2,785.0,1.0,1.0,1.0,0,2,Good,96000
Suburbs,58,648.0,3.0,,2.0,1,1,Good,79000
Suburbs,27,1607.0,4.0,,,0,2,Poor,202000
Uptown,28,2953.0,5.0,4.0,1.0,0,2,Excellent,668000
Suburbs,8,3525.0,2.0,1.0,0.0,0,1,Excellent,524000
Uptown,2,955.0,3.0,2.0,1.0,0,1,Fair,226000
Rural,24,2266.0,1.0,1.0,1.0,0,3,Excellent,203000
Midtown,33,1299.0,6.0,3.0,1.0,0,3,Excellent,276000
Rural,11,1684.0,3.0,2.0,2.0,0,1,Good,178000
Rural,41,1512.0,3.0,2.0,2.0,0,1,Good,151000
Suburbs,8,3331.0,3.0,2.0,0.0,0,3,Good,412000
Downtown,14,3007.0,3.0,1.0,1.0,1,1,Fair,543000
Midtown,39,4121.0,2.0,1.0,1.0,0,1,Good,554000
Suburbs,24,2023.0,6.0,,1.0,0,1,Excellent,336000
Downtown,4,3285.0,6.0,3.0,0.0,0,2,Good,652000
Rural,10,3056.0,6.0,3.0,0.0,0,1,Good,321000
Downtown,58,4225.0,4.0,2.0,2.0,0,1,Fair,651000
Uptown,33,4375.0,5.0,4.0,1.0,1,1,Poor,664000
Uptown,23,980.0,6.0,2.0,1.0,0,2,Good,250000
Uptown,59,,3.0,2.0,,1,3,Poor,328000
Suburbs,14,2661.0,3.0,,,0,2,Good,347000
Downtown,37,3296.0,6.0,3.0,0.0,0,2,Good,559000
Uptown,7,2101.0,6.0,4.0,1.0,0,2,Good,508000
Suburbs,58,2908.0,3.0,2.0,1.0,0,1,Good,308000
Uptown,4,840.0,,2.0,2.0,0,1,Good,233000
Uptown,47,3317.0,1.0,,,1,3,Good,594000
Uptown,25,,1.0,1.0,1.0,1,1,Poor,364000
Suburbs,17,3308.0,6.0,3.0,1.0,1,1,Poor,378000
Suburbs,5,3516.0,2.0,1.0,2.0,1,2,Fair,455000
Uptown,36,2996.0,6.0,4.0,0.0,0,1,Excellent,645000
Suburbs,59,2366.0,6.0,4.0,0.0,0,1,Fair,270000
Downtown,47,1334.0,1.0,1.0,1.0,0,3,Good,136000
Rural,12,1703.0,3.0,2.0,0.0,0,2,Excellent,204000
Uptown,27,2225.0,6.0,3.0,1.0,0,1,Good,471000
Rural,4,3978.0,3.0,1.0,,0,3,Fair,371000
Rural,12,2189.0,3.0,1.0,2.0,0,2,Excellent,276000
Downtown,16,3767.0,2.0,1.0,1.0,0,2,Poor,509000
Rural,49,4037.0,3.0,2.0,1.0,0,1,Good,335000
Uptown,39,810.0,1.0,1.0,1.0,0,1,Excellent,103000
Downtown,44,761.0,4.0,,,0,2,Good,134000
Rural,31,1942.0,4.0,3.0,0.0,0,2,Good,153000
Uptown,28,905.0,5.0,3.0,2.0,0,2,Fair,241000
Midtown,50,2690.0,6.0,2.0,1.0,0,1,Good,380000
Rural,57,841.0,1.0,1.0,1.0,0,1,Good,50000
Midtown,2,1839.0,3.0,1.0,0.0,0,2,Good,311000
Suburbs,55,3672.0,4.0,,2.0,0,1,Excellent,493000
Suburbs,39,743.0,1.0,1.0,2.0,0,2,Excellent,76000
Midtown,33,989.0,4.0,2.0,2.0,0,1,Excellent,209000
Midtown,39,511.0,3.0,1.0,2.0,0,1,Good,63000
Uptown,26,3810.0,4.0,3.0,1.0,0,2,Good,714000
Uptown,12,1060.0,6.0,4.0,1.0,0,2,Excellent,350000
Rural,44,541.0,6.0,3.0,,0,1,Excellent,69000
Rural,32,3225.0,5.0,3.0,1.0,0,1,Good,327000
Midtown,5,1093.0,,3.0,1.0,1,2,Fair,246000
Rural,23,1952.0,4.0,2.0,0.0,0,1,Poor,137000
Midtown,18,2326.0,1.0,1.0,0.0,1,2,Good,353000
Midtown,15,3729.0,6.0,3.0,1.0,0,3,Good,604000
Uptown,39,3787.0,1.0,1.0,1.0,0,1,Excellent,722000
Suburbs,27,2193.0,1.0,1.0,2.0,0,3,Fair,268000
Suburbs,32,,4.0,3.0,,0,1,Fair,489000
Downtown,58,633.0,,1.0,,0,2,Good,50000
Rural,58,3638.0,6.0,4.0,0.0,0,1,Good,301000
Downtown,47,4419.0,,,0.0,0,3,Fair,666000
Suburbs,40,3578.0,5.0,4.0,1.0,0,1,Good,452000
Rural,12,1447.0,3.0,1.0,0.0,0,1,Good,145000
Suburbs,42,4097.0,1.0,,1.0,0,3,Good,481000
Rural,44,572.0,3.0,2.0,1.0,0,2,Good,51000
Downtown,24,898.0,6.0,4.0,1.0,0,2,Good,204000
Downtown,52,1928.0,6.0,4.0,0.0,0,1,Good,307000
Midtown,41,4246.0,1.0,1.0,0.0,1,2,Excellent,651000
Suburbs,35,3125.0,4.0,2.0,0.0,1,1,Poor,327000
Downtown,26,3406.0,3.0,,0.0,0,1,Excellent,625000
Rural,37,629.0,4.0,2.0,1.0,0,2,Good,50000
Midtown,59,3478.0,4.0,,1.0,1,1,Excellent,552000
Suburbs,6,4037.0,2.0,2.0,1.0,0,3,Excellent,609000
Rural,4,3777.0,,1.0,1.0,0,3,Good,353000
Downtown,42,2311.0,5.0,4.0,1.0,1,2,Good,432000
Downtown,44,2501.0,6.0,3.0,2.0,0,2,Fair,430000
Rural,57,4339.0,6.0,5.0,2.0,0,2,Excellent,467000
Rural,56,765.0,1.0,1.0,2.0,0,1,Good,50000
Rural,50,2060.0,5.0,3.0,1.0,0,2,Good,170000
Midtown,30,2485.0,6.0,4.0,1.0,1,1,Good,453000
Uptown,22,,1.0,1.0,1.0,0,1,Excellent,265000
Rural,41,2800.0,6.0,4.0,1.0,0,2,Fair,268000
Suburbs,9,3369.0,4.0,2.0,1.0,0,2,Good,452000
Midtown,31,,3.0,1.0,1.0,0,2,Good,259000
Suburbs,42,663.0,3.0,2.0,2.0,0,1,Good,84000
Suburbs,52,594.0,6.0,,1.0,0,2,Good,95000
Downtown,29,2305.0,2.0,1.0,2.0,1,1,Good,434000
Downtown,38,,,4.0,1.0,0,2,Good,595000
Uptown,30,1633.0,5.0,3.0,1.0,0,2,Excellent,401000
Midtown,17,2883.0,,2.0,0.0,0,2,Fair,392000
Rural,35,1321.0,,2.0,0.0,0,1,Good,127000
Suburbs,1,737.0,,2.0,2.0,1,1,Fair,168000
Downtown,13,2928.0,3.0,1.0,1.0,0,1,Poor,429000
Downtown,12,4007.0,4.0,2.0,,1,2,Fair,712000
Suburbs,28,3446.0,1.0,1.0,2.0,0,3,Good,398000
Rural,11,3030.0,5.0,3.0,1.0,0,1,Good,318000
Midtown,38,2460.0,5.0,,2.0,0,2,Poor,293000
Rural,1,3449.0,1.0,1.0,1.0,0,2,Poor,260000
Suburbs,31,1548.0,5.0,4.0,1.0,0,2,Excellent,238000
Uptown,12,2176.0,1.0,1.0,,1,2,Poor,350000
Midtown,45,3688.0,4.0,2.0,0.0,0,2,Excellent,596000
Rural,26,3029.0,3.0,2.0,0.0,1,1,Fair,264000
Rural,48,3963.0,1.0,1.0,1.0,0,1,Good,328000
Suburbs,40,3464.0,2.0,1.0,2.0,0,1,Good,415000
Suburbs,16,3541.0,1.0,1.0,2.0,0,3,Excellent,505000
Suburbs,39,1463.0,5.0,,0.0,0,3,Good,167000
Midtown,30,1036.0,4.0,2.0,,0,2,Good,188000
Downtown,33,3650.0,6.0,,0.0,0,1,Poor,508000
Downtown,59,,4.0,3.0,,0,1,Good,307000
Downtown,23,3744.0,,4.0,1.0,1,1,Good,732000
Downtown,44,2479.0,1.0,1.0,1.0,0,1,Poor,273000
Uptown,34,3583.0,3.0,1.0,0.0,1,2,Poor,509000
Midtown,47,4371.0,2.0,,0.0,1,3,Excellent,701000
Suburbs,5,627.0,4.0,3.0,,0,3,Fair,109000
Downtown,18,4179.0,5.0,3.0,0.0,0,2,Good,747000
Suburbs,29,591.0,6.0,5.0,1.0,0,1,Good,102000
Suburbs,6,4224.0,5.0,3.0,1.0,0,1,Excellent,670000
Downtown,9,1042.0,,2.0,0.0,0,1,Excellent,244000
Suburbs,40,1345.0,6.0,5.0,0.0,1,2,Excellent,248000
Suburbs,31,4103.0,4.0,2.0,1.0,0,2,Fair,480000
Rural,33,2181.0,1.0,1.0,2.0,0,1,Excellent,216000
Rural,27,3536.0,5.0,4.0,1.0,0,1,Fair,322000
Downtown,59,2351.0,3.0,1.0,1.0,0,1,Good,325000
Suburbs,14,2994.0,4.0,2.0,2.0,0,1,Good,448000
Rural,29,889.0,4.0,3.0,2.0,0,1,Poor,94000
Rural,36,3219.0,4.0,2.0,1.0,0,1,Excellent,320000
Uptown,28,2384.0,4.0,2.0,1.0,0,1,Poor,401000
Rural,21,542.0,6.0,4.0,1.0,0,2,Good,84000
Downtown,3,753.0,4.0,2.0,,0,2,Good,209000
Downtown,19,3701.0,5.0,3.0,1.0,0,1,Good,694000
Rural,31,1583.0,3.0,1.0,1.0,0,1,Fair,110000
Downtown,35,3210.0,,4.0,,0,1,Good,553000
Rural,49,3014.0,4.0,2.0,,1,1,Excellent,340000
Uptown,3,2834.0,2.0,1.0,1.0,0,1,Good,554000
Rural,26,3558.0,2.0,1.0,0.0,1,2,Good,341000
Suburbs,16,2040.0,3.0,2.0,0.0,0,2,Fair,241000
Rural,11,4038.0,1.0,1.0,1.0,0,2,Good,373000
Suburbs,21,2453.0,1.0,1.0,1.0,1,1,Excellent,384000
Rural,16,3325.0,6.0,,1.0,0,2,Good,352000
Uptown,9,2892.0,6.0,3.0,1.0,1,1,Good,642000
Suburbs,53,1141.0,6.0,5.0,1.0,0,1,Good,135000
Uptown,0,2929.0,1.0,1.0,0.0,0,2,Good,547000
Uptown,21,4350.0,2.0,1.0,1.0,1,2,Poor,678000
Downtown,25,1189.0,1.0,,2.0,0,3,Fair,213000
Downtown,55,1776.0,5.0,3.0,2.0,0,2,Good,285000
Downtown,58,2450.0,,,1.0,0,3,Good,379000
Downtown,17,1579.0,6.0,4.0,1.0,1,3,Good,381000
Downtown,49,,2.0,1.0,,1,2,Good,301000
Rural,13,,3.0,2.0,1.0,0,2,Good,101000
Downtown,46,1482.0,3.0,2.0,0.0,1,2,Fair,241000
Suburbs,28,2630.0,4.0,3.0,2.0,0,3,Excellent,407000
Midtown,11,4476.0,2.0,1.0,0.0,0,2,Good,663000
Downtown,35,1622.0,1.0,1.0,0.0,0,1,Poor,165000
Midtown,58,648.0,1.0,1.0,2.0,0,2,Poor,50000
Suburbs,34,1852.0,5.0,3.0,2.0,0,1,Excellent,331000
Downtown,51,1679.0,5.0,,2.0,0,1,Fair,296000
Rural,11,,1.0,1.0,0.0,0,1,Excellent,70000
Rural,6,4065.0,3.0,1.0,0.0,0,2,Poor,331000
Uptown,28,1382.0,6.0,3.0,1.0,0,2,Excellent,372000
Midtown,10,2810.0,3.0,2.0,0.0,0,1,Excellent,486000
Midtown,32,3651.0,,3.0,0.0,0,1,Good,527000
Suburbs,5,899.0,4.0,2.0,1.0,1,1,Poor,152000
Downtown,46,,1.0,1.0,2.0,1,2,Fair,524000
Midtown,14,,,2.0,,0,1,Good,206000
Midtown,31,3831.0,5.0,4.0,1.0,1,1,Good,621000
Uptown,50,2295.0,6.0,4.0,1.0,0,1,Fair,382000
Suburbs,10,2138.0,1.0,,1.0,0,1,Poor,217000
Suburbs,57,2075.0,6.0,3.0,1.0,1,1,Good,243000
Midtown,22,,,1.0,1.0,0,2,Good,459000
Suburbs,25,2648.0,6.0,3.0,,1,1,Fair,337000
Uptown,33,1882.0,3.0,2.0,2.0,0,2,Poor,294000
Uptown,45,1903.0,4.0,2.0,0.0,1,1,Excellent,379000
Suburbs,33,1319.0,4.0,3.0,2.0,0,1,Good,165000
Midtown,28,,1.0,1.0,0.0,0,1,Good,522000
Midtown,3,1319.0,2.0,1.0,1.0,0,2,Good,254000
Downtown,16,919.0,5.0,3.0,1.0,0,3,Poor,191000
Uptown,34,623.0,5.0,3.0,0.0,0,3,Good,159000
Rural,12,921.0,1.0,1.0,0.0,1,2,Good,120000
Midtown,40,3802.0,6.0,4.0,1.0,0,1,Excellent,654000
Suburbs,38,4261.0,2.0,1.0,2.0,0,2,Good,515000
Uptown,14,3634.0,3.0,2.0,2.0,0,2,Fair,681000
Suburbs,54,2008.0,6.0,3.0,,0,1,Excellent,290000
Downtown,28,4199.0,6.0,5.0,2.0,1,2,Good,817000
Uptown,28,4274.0,1.0,1.0,1.0,0,1,Excellent,849000
Downtown,10,2097.0,1.0,1.0,2.0,0,1,Excellent,466000
Suburbs,51,1267.0,5.0,4.0,1.0,0,1,Fair,148000
Uptown,31,,1.0,1.0,1.0,0,1,Good,420000
Uptown,1,3030.0,1.0,,2.0,1,2,Good,630000
Rural,46,,1.0,1.0,1.0,0,1,Good,235000
Rural,13,2702.0,5.0,4.0,2.0,0,1,Good,279000
Suburbs,19,2639.0,3.0,1.0,1.0,1,1,Excellent,398000
Suburbs,21,,,2.0,0.0,1,2,Good,458000
Suburbs,10,2049.0,1.0,1.0,0.0,0,2,Fair,238000
Rural,26,3002.0,5.0,3.0,1.0,0,1,Fair,272000
Midtown,2,2264.0,3.0,1.0,1.0,0,1,Good,398000
Midtown,16,,6.0,4.0,2.0,0,1,Fair,399000
Midtown,43,,,2.0,0.0,1,3,Good,456000
Downtown,55,4216.0,3.0,1.0,2.0,0,1,Good,669000
Suburbs,27,1009.0,5.0,4.0,2.0,0,1,Good,153000
Downtown,28,1706.0,6.0,2.0,,0,1,Poor,256000
Rural,20,885.0,5.0,3.0,2.0,0,2,Good,118000
Suburbs,46,2097.0,1.0,1.0,2.0,0,2,Fair,233000
Uptown,15,4302.0,4.0,2.0,2.0,0,1,Good,857000
Suburbs,36,,3.0,2.0,2.0,0,1,Good,390000
Downtown,58,2793.0,4.0,2.0,2.0,0,1,Good,437000
Downtown,19,1241.0,5.0,3.0,1.0,0,2,Good,292000
Midtown,5,4162.0,5.0,2.0,1.0,0,2,Poor,520000
Rural,18,3208.0,5.0,3.0,2.0,0,2,Good,331000
Downtown,56,,4.0,,1.0,0,2,Poor,401000
Downtown,4,4042.0,5.0,3.0,1.0,0,1,Good,778000
Midtown,2,4397.0,1.0,1.0,1.0,0,2,Fair,642000
Downtown,58,2411.0,5.0,4.0,2.0,0,2,Good,396000
Midtown,0,,2.0,1.0,0.0,0,1,Excellent,365000
Midtown,57,1400.0,4.0,2.0,2.0,1,2,Good,204000
Downtown,59,2612.0,2.0,1.0,1.0,1,1,Good,381000
Downtown,37,3584.0,5.0,4.0,,0,1,Good,612000
Uptown,14,2760.0,1.0,1.0,1.0,0,2,Poor,387000
Suburbs,33,2509.0,3.0,2.0,,1,2,Excellent,372000
Suburbs,34,741.0,6.0,3.0,1.0,0,2,Fair,112000
Midtown,48,3040.0,6.0,5.0,2.0,0,1,Excellent,542000
Uptown,24,3784.0,5.0,3.0,2.0,0,2,Good,753000
Uptown,23,4264.0,1.0,1.0,0.0,1,2,Good,799000
Midtown,11,2885.0,4.0,2.0,0.0,0,1,Good,472000
Suburbs,17,2520.0,2.0,1.0,2.0,0,3,Good,351000
Downtown,14,672.0,2.0,1.0,2.0,0,2,Good,154000
Midtown,43,1171.0,2.0,1.0,1.0,1,1,Poor,110000
Rural,15,,4.0,3.0,1.0,0,2,Good,91000
Suburbs,26,964.0,6.0,5.0,1.0,0,1,Good,169000
Uptown,7,,1.0,1.0,2.0,0,1,Excellent,796000
Downtown,59,996.0,4.0,2.0,1.0,0,1,Good,128000
Suburbs,45,1199.0,2.0,1.0,1.0,0,3,Poor,79000
Downtown,24,2942.0,5.0,3.0,,0,1,Good,534000
Suburbs,16,1202.0,,2.0,2.0,1,2,Good,195000
Downtown,28,2440.0,,3.0,0.0,0,1,Fair,408000
Downtown,52,2855.0,4.0,3.0,1.0,0,2,Fair,447000
Downtown,7,2291.0,1.0,1.0,1.0,0,2,Excellent,486000
Rural,14,682.0,1.0,1.0,0.0,0,2,Good,64000
Midtown,26,1128.0,4.0,2.0,0.0,0,1,Good,139000
Rural,45,,2.0,1.0,2.0,0,2,Good,355000
Uptown,49,3057.0,3.0,2.0,2.0,0,3,Good,538000
Suburbs,51,2231.0,1.0,1.0,2.0,0,2,Fair,224000
Suburbs,6,1045.0,2.0,1.0,2.0,0,1,Good,183000
Uptown,2,2087.0,5.0,3.0,1.0,1,3,Poor,413000
Suburbs,28,,1.0,1.0,2.0,1,1,Excellent,161000
Uptown,43,4335.0,2.0,1.0,1.0,0,2,Good,752000
Downtown,52,1093.0,,1.0,1.0,0,2,Good,129000
Uptown,23,1243.0,,2.0,2.0,0,1,Good,257000
Downtown,59,3798.0,3.0,1.0,1.0,1,1,Good,580000
Uptown,57,2268.0,5.0,2.0,1.0,0,1,Fair,360000
Rural,2,4304.0,2.0,1.0,1.0,1,2,Good,433000
Uptown,19,1959.0,6.0,4.0,0.0,0,2,Fair,385000
Downtown,45,2448.0,2.0,1.0,0.0,1,1,Excellent,446000
Rural,14,3993.0,,2.0,2.0,1,1,Excellent,475000
Uptown,24,3101.0,6.0,5.0,2.0,1,1,Good,685000
Rural,29,2568.0,1.0,1.0,1.0,0,1,Excellent,253000
Rural,13,3101.0,1.0,1.0,0.0,0,1,Good,291000
Rural,6,2944.0,4.0,3.0,0.0,0,2,Fair,289000
Suburbs,16,3172.0,3.0,2.0,2.0,0,1,Excellent,470000
Rural,43,604.0,4.0,3.0,1.0,0,2,Good,52000
Rural,19,2739.0,6.0,4.0,1.0,0,2,Good,298000
Uptown,35,516.0,3.0,2.0,1.0,0,1,Good,57000
Downtown,8,,5.0,3.0,,0,2,Good,692000
Suburbs,37,892.0,2.0,1.0,1.0,0,2,Excellent,114000
Uptown,47,924.0,5.0,2.0,2.0,0,1,Fair,185000
Uptown,56,2676.0,6.0,5.0,1.0,1,1,Good,533000
Suburbs,59,3701.0,3.0,2.0,1.0,0,1,Good,418000
Rural,21,,6.0,,,0,1,Good,137000
Suburbs,53,4131.0,2.0,1.0,2.0,0,1,Good,449000
Downtown,52,2576.0,1.0,1.0,,1,1,Fair,368000
Suburbs,52,1620.0,1.0,1.0,0.0,0,1,Fair,96000
Suburbs,1,,6.0,4.0,1.0,0,1,Fair,505000
Rural,23,741.0,4.0,3.0,1.0,0,1,Excellent,88000
Downtown,7,4397.0,3.0,1.0,2.0,0,1,Fair,754000
Uptown,10,2779.0,3.0,2.0,1.0,0,1,Good,567000
Uptown,12,1288.0,,1.0,2.0,1,3,Good,280000
Rural,16,3855.0,5.0,3.0,0.0,1,1,Excellent,428000
Rural,7,1214.0,2.0,1.0,2.0,0,2,Excellent,165000
Suburbs,20,1258.0,5.0,3.0,1.0,0,1,Fair,189000
Midtown,17,3349.0,5.0,2.0,2.0,0,3,Fair,523000
Rural,29,1275.0,6.0,3.0,1.0,0,1,Good,140000
Downtown,17,3273.0,1.0,1.0,1.0,0,3,Fair,553000
Uptown,45,,1.0,1.0,2.0,0,2,Good,467000
Midtown,46,3492.0,1.0,1.0,1.0,1,1,Good,485000
Uptown,30,578.0,6.0,3.0,1.0,1,2,Excellent,228000
Midtown,37,4484.0,4.0,2.0,1.0,0,2,Poor,516000
Rural,31,3503.0,,4.0,1.0,0,1,Excellent,420000
Suburbs,10,4426.0,6.0,5.0,1.0,0,2,Fair,542000
Uptown,44,1355.0,,2.0,1.0,0,3,Good,249000
Uptown,24,3744.0,2.0,1.0,1.0,0,1,Good,687000
Downtown,32,3014.0,4.0,2.0,2.0,0,1,Good,539000
Downtown,59,,3.0,1.0,1.0,1,2,Good,497000
Suburbs,37,,5.0,3.0,2.0,0,2,Excellent,299000
Midtown,40,3487.0,,1.0,2.0,0,2,Excellent,571000
Uptown,7,,5.0,3.0,1.0,0,2,Excellent,727000
Downtown,10,2634.0,6.0,,0.0,0,1,Poor,406000
Rural,21,2648.0,2.0,1.0,0.0,0,3,Excellent,286000
Suburbs,50,1531.0,6.0,4.0,1.0,0,1,Good,215000
Uptown,23,1344.0,4.0,2.0,2.0,0,1,Fair,250000
Midtown,40,3771.0,4.0,3.0,1.0,0,2,Fair,557000
Midtown,16,4076.0,2.0,1.0,1.0,0,2,Fair,559000
Suburbs,11,586.0,3.0,2.0,,1,1,Poor,84000
Suburbs,56,2590.0,3.0,2.0,1.0,0,2,Good,260000
Suburbs,45,3956.0,4.0,2.0,1.0,0,1,Excellent,534000
Downtown,31,4192.0,4.0,2.0,0.0,0,1,Good,683000
Uptown,14,4006.0,1.0,1.0,2.0,0,2,Good,737000
Midtown,15,907.0,3.0,2.0,1.0,0,1,Excellent,176000
Uptown,53,4054.0,2.0,1.0,0.0,1,1,Fair,645000
Uptown,21,3211.0,3.0,2.0,2.0,1,1,Excellent,754000
Rural,27,3588.0,1.0,1.0,0.0,0,3,Good,328000
Midtown,19,2168.0,6.0,4.0,2.0,0,1,Good,410000
Uptown,32,647.0,4.0,3.0,2.0,0,1,Good,171000
Midtown,9,2824.0,4.0,2.0,2.0,0,2,Good,473000
Suburbs,39,731.0,1.0,1.0,2.0,1,1,Poor,50000
Suburbs,31,4397.0,,1.0,1.0,0,1,Good,489000
Downtown,49,2450.0,4.0,2.0,2.0,0,2,Fair,404000
Uptown,59,865.0,5.0,2.0,1.0,0,1,Excellent,151000
Rural,32,3799.0,4.0,2.0,2.0,0,3,Good,353000
Suburbs,1,2174.0,5.0,3.0,2.0,1,1,Fair,322000
Rural,32,,1.0,1.0,2.0,0,1,Good,62000
Rural,32,898.0,1.0,1.0,2.0,1,1,Fair,88000
Suburbs,40,1734.0,,3.0,1.0,0,1,Good,213000
Downtown,12,1914.0,3.0,2.0,2.0,1,2,Excellent,492000
Rural,29,,5.0,4.0,,0,1,Good,291000
Rural,32,,2.0,1.0,2.0,0,1,Poor,219000
Midtown,12,1062.0,4.0,3.0,1.0,1,2,Good,250000
Rural,51,4062.0,,1.0,1.0,0,2,Good,306000
Uptown,25,2989.0,4.0,,1.0,0,1,Excellent,666000
Rural,21,1784.0,3.0,1.0,1.0,0,1,Poor,131000
Rural,38,,3.0,2.0,2.0,0,1,Good,128000
Uptown,1,2897.0,3.0,2.0,1.0,0,1,Good,600000
Suburbs,37,2537.0,6.0,,1.0,1,1,Fair,324000
Downtown,38,3923.0,3.0,1.0,1.0,0,2,Good,637000
Downtown,25,3067.0,1.0,1.0,,0,2,Good,488000
Midtown,45,1843.0,1.0,1.0,1.0,1,1,Excellent,290000
Rural,57,2685.0,6.0,4.0,0.0,0,1,Excellent,269000
Midtown,49,2073.0,5.0,4.0,0.0,1,1,Good,331000
Suburbs,14,4194.0,2.0,1.0,0.0,1,1,Good,520000
Downtown,33,1491.0,4.0,3.0,1.0,0,1,Fair,268000
Downtown,41,2915.0,,2.0,0.0,0,3,Excellent,530000
Suburbs,54,3791.0,6.0,3.0,0.0,0,2,Excellent,469000
Rural,43,3908.0,1.0,1.0,2.0,0,3,Excellent,387000
Suburbs,48,1746.0,,3.0,2.0,1,2,Good,226000
Suburbs,39,4219.0,1.0,1.0,1.0,0,1,Good,460000
Uptown,10,4339.0,5.0,4.0,2.0,0,2,Excellent,1041000
Suburbs,2,859.0,,1.0,0.0,0,1,Good,142000
Rural,58,1420.0,5.0,3.0,1.0,1,1,Good,132000
Midtown,5,2876.0,6.0,4.0,1.0,0,3,Good,509000
Suburbs,8,3509.0,3.0,,1.0,0,1,Poor,367000
Rural,5,3010.0,3.0,2.0,1.0,0,2,Poor,234000
Uptown,8,,3.0,2.0,1.0,1,1,Good,723000
Uptown,38,1462.0,5.0,2.0,1.0,0,2,Good,257000
Downtown,30,4132.0,4.0,3.0,2.0,0,3,Excellent,839000
Uptown,31,2327.0,2.0,2.0,0.0,0,2,Fair,365000
Suburbs,40,3953.0,3.0,2.0,0.0,0,2,Fair,440000
Suburbs,49,3383.0,6.0,4.0,0.0,0,1,Fair,379000
Suburbs,11,2113.0,6.0,4.0,1.0,1,2,Poor,295000
Uptown,7,2140.0,3.0,2.0,1.0,0,3,Poor,374000
Suburbs,7,2716.0,3.0,,0.0,0,2,Good,343000
Suburbs,49,716.0,2.0,1.0,2.0,0,2,Good,73000
Rural,27,877.0,3.0,1.0,1.0,0,2,Good,78000
Suburbs,19,618.0,2.0,1.0,0.0,1,2,Excellent,114000
Downtown,46,689.0,6.0,4.0,1.0,0,2,Good,152000
Downtown,58,3314.0,3.0,2.0,0.0,0,2,Poor,409000
Downtown,6,869.0,5.0,4.0,1.0,0,2,Fair,233000
Downtown,10,2301.0,5.0,3.0,1.0,0,1,Excellent,557000
Downtown,19,2696.0,6.0,,1.0,0,1,Good,536000
Rural,15,,,1.0,0.0,0,1,Excellent,443000
Downtown,3,1151.0,5.0,3.0,1.0,0,1,Excellent,323000
Suburbs,5,2382.0,2.0,1.0,,0,1,Excellent,338000
Uptown,57,,5.0,2.0,0.0,0,2,Excellent,372000
Suburbs,21,1269.0,5.0,3.0,1.0,0,1,Good,192000
Rural,25,2921.0,2.0,1.0,1.0,1,1,Good,281000
Downtown,2,1280.0,4.0,2.0,1.0,0,2,Excellent,346000
Downtown,40,2216.0,5.0,3.0,1.0,1,3,Good,427000
Downtown,59,2707.0,3.0,1.0,1.0,0,2,Poor,348000
Downtown,41,2898.0,6.0,4.0,0.0,0,3,Good,501000
Suburbs,13,4483.0,4.0,3.0,0.0,0,2,Good,578000
Downtown,10,1811.0,2.0,1.0,2.0,0,1,Excellent,400000
Downtown,17,3859.0,,3.0,1.0,0,2,Good,667000
Downtown,53,3439.0,1.0,1.0,2.0,1,2,Good,552000
Suburbs,11,,1.0,1.0,1.0,0,1,Excellent,241000
Suburbs,22,,5.0,4.0,1.0,0,1,Excellent,188000
Suburbs,11,1021.0,,2.0,1.0,0,2,Good,174000
Rural,12,1282.0,3.0,2.0,1.0,0,1,Fair,137000
Rural,24,2820.0,6.0,3.0,1.0,0,2,Good,280000
Downtown,44,1435.0,4.0,2.0,1.0,0,1,Good,222000
Midtown,50,3973.0,1.0,,1.0,1,2,Poor,445000
Rural,57,2730.0,5.0,3.0,1.0,1,2,Fair,227000
Downtown,18,2188.0,6.0,4.0,2.0,0,1,Good,435000
Uptown,54,987.0,4.0,3.0,2.0,0,1,Good,170000
Uptown,45,,5.0,3.0,1.0,1,2,Good,477000
Downtown,35,1345.0,,3.0,1.0,1,2,Fair,279000
Suburbs,44,2671.0,1.0,1.0,0.0,0,2,Good,276000
Midtown,7,3532.0,1.0,1.0,1.0,1,1,Good,572000
Midtown,28,4197.0,5.0,4.0,1.0,0,2,Fair,631000
Downtown,54,3337.0,2.0,1.0,2.0,1,1,Poor,429000
Suburbs,52,2961.0,5.0,4.0,1.0,0,1,Good,356000
Suburbs,54,2503.0,6.0,4.0,1.0,0,1,Excellent,352000
Suburbs,31,2248.0,5.0,3.0,1.0,1,2,Good,315000
Rural,50,3743.0,3.0,2.0,2.0,0,1,Fair,327000
Suburbs,43,3859.0,3.0,1.0,1.0,0,1,Good,440000
Suburbs,17,4006.0,3.0,1.0,1.0,0,2,Excellent,570000
Midtown,5,1185.0,2.0,1.0,2.0,1,2,Fair,196000
Downtown,17,2660.0,2.0,1.0,0.0,1,1,Good,461000
Suburbs,18,3435.0,,3.0,2.0,0,1,Good,447000
Midtown,21,4488.0,3.0,,0.0,0,1,Fair,620000
Uptown,36,2669.0,2.0,1.0,2.0,1,1,Excellent,558000
Rural,31,2067.0,,1.0,1.0,0,2,Good,184000
Rural,55,1745.0,5.0,3.0,1.0,0,1,Good,164000
Downtown,40,4202.0,6.0,4.0,,0,2,Fair,721000
Suburbs,58,538.0,4.0,2.0,0.0,0,2,Poor,50000
Rural,2,3044.0,,2.0,1.0,0,1,Good,325000
Suburbs,27,1279.0,4.0,3.0,,0,3,Good,209000
Suburbs,9,1756.0,3.0,2.0,1.0,0,1,Fair,258000
Suburbs,50,3490.0,4.0,3.0,1.0,1,1,Poor,320000
Downtown,34,4101.0,3.0,,0.0,0,1,Poor,514000
Suburbs,28,2696.0,1.0,1.0,0.0,0,1,Excellent,317000
Suburbs,53,3968.0,4.0,2.0,0.0,0,1,Good,425000
Suburbs,14,3569.0,5.0,,0.0,0,1,Excellent,539000
Downtown,32,3208.0,3.0,2.0,1.0,0,2,Fair,509000
Uptown,6,4209.0,5.0,3.0,2.0,1,3,Excellent,1029000
Rural,11,2427.0,2.0,1.0,2.0,0,2,Fair,248000
Rural,48,801.0,3.0,2.0,2.0,1,1,Good,87000
Midtown,29,3931.0,4.0,2.0,0.0,0,2,Excellent,632000
Suburbs,20,2785.0,3.0,2.0,1.0,0,2,Good,371000
Downtown,30,1146.0,5.0,3.0,0.0,0,2,Good,223000
Rural,57,1162.0,1.0,1.0,1.0,1,2,Fair,83000
Rural,23,2783.0,3.0,2.0,,1,2,Fair,256000
Midtown,19,2259.0,4.0,,0.0,0,1,Good,342000
Suburbs,36,2750.0,2.0,1.0,1.0,0,2,Good,285000
Downtown,3,755.0,6.0,3.0,2.0,0,1,Good,260000
Suburbs,27,1097.0,1.0,1.0,1.0,0,3,Good,110000
Suburbs,43,1161.0,2.0,1.0,1.0,0,1,Good,98000
Rural,19,734.0,3.0,2.0,0.0,1,1,Poor,57000
Rural,59,1868.0,5.0,3.0,,1,1,Fair,188000
Suburbs,23,3081.0,5.0,3.0,,0,2,Excellent,473000
Uptown,49,3407.0,4.0,2.0,,1,1,Poor,495000
Rural,48,4368.0,5.0,3.0,1.0,0,1,Good,391000
Suburbs,50,4352.0,1.0,1.0,0.0,0,3,Fair,433000
Downtown,31,4037.0,5.0,,1.0,0,3,Good,704000
Downtown,40,1269.0,4.0,2.0,0.0,0,1,Good,183000
Suburbs,35,3088.0,6.0,5.0,2.0,1,1,Fair,415000
Downtown,57,712.0,3.0,2.0,2.0,0,2,Fair,94000
Downtown,52,962.0,3.0,2.0,2.0,0,3,Good,139000
Suburbs,33,2983.0,5.0,3.0,1.0,0,2,Good,374000
Downtown,35,782.0,2.0,1.0,2.0,0,2,Fair,110000
Uptown,1,4133.0,3.0,2.0,1.0,0,1,Good,797000
Downtown,14,4178.0,6.0,3.0,1.0,0,2,Fair,727000
Rural,33,1986.0,5.0,,1.0,0,2,Excellent,241000
Suburbs,35,,4.0,3.0,0.0,1,2,Good,244000
Uptown,5,587.0,6.0,4.0,0.0,1,1,Fair,213000
Downtown,38,1567.0,,3.0,2.0,0,3,Good,297000
Suburbs,41,960.0,6.0,,1.0,1,2,Good,155000
Uptown,50,2825.0,3.0,,1.0,0,1,Fair,452000
Uptown,50,4254.0,4.0,2.0,1.0,0,2,Good,736000
Midtown,57,2968.0,5.0,4.0,2.0,0,2,Fair,414000
Suburbs,53,2224.0,,1.0,2.0,0,2,Fair,240000
Downtown,11,1876.0,4.0,2.0,2.0,0,2,Fair,361000
Rural,2,3243.0,1.0,1.0,1.0,1,2,Good,321000
Uptown,44,1014.0,6.0,4.0,0.0,0,3,Fair,199000
Rural,17,1202.0,2.0,1.0,1.0,0,1,Good,139000
Rural,39,2153.0,4.0,3.0,0.0,0,1,Good,169000
Suburbs,20,2566.0,6.0,3.0,0.0,1,1,Good,338000
Midtown,14,522.0,1.0,1.0,1.0,0,2,Good,87000
Downtown,32,2960.0,,2.0,1.0,0,2,Excellent,577000
Suburbs,34,,3.0,2.0,2.0,0,2,Good,210000
Suburbs,25,2330.0,2.0,1.0,1.0,0,2,Good,289000
Rural,7,,4.0,3.0,1.0,0,2,Fair,265000
Suburbs,35,3938.0,4.0,3.0,0.0,1,3,Excellent,586000
Downtown,47,1804.0,4.0,3.0,2.0,0,1,Poor,236000
Rural,29,3699.0,6.0,4.0,2.0,0,2,Good,377000
Suburbs,22,3800.0,2.0,1.0,2.0,0,1,Good,453000
Rural,41,,4.0,2.0,2.0,1,2,Poor,135000
Downtown,43,2683.0,6.0,3.0,1.0,0,2,Fair,428000
Suburbs,13,861.0,,2.0,1.0,0,2,Good,119000
Rural,13,3757.0,1.0,1.0,1.0,1,1,Good,385000
Downtown,1,4227.0,6.0,3.0,1.0,0,1,Good,790000
Suburbs,54,4155.0,3.0,2.0,1.0,0,2,Excellent,537000
Downtown,36,2676.0,3.0,,1.0,0,2,Fair,430000
Downtown,4,2399.0,,1.0,2.0,0,1,Poor,394000
Uptown,37,1784.0,,2.0,2.0,0,3,Good,341000
Suburbs,44,1014.0,2.0,1.0,2.0,0,1,Good,107000
Midtown,40,948.0,1.0,1.0,2.0,0,2,Good,117000
Suburbs,53,2423.0,3.0,2.0,1.0,0,2,Fair,266000
Rural,59,3675.0,,4.0,0.0,0,2,Good,320000
Midtown,46,2006.0,,5.0,0.0,0,3,Good,296000
Rural,13,1747.0,3.0,2.0,,0,2,Good,198000
Suburbs,55,2355.0,,1.0,2.0,1,2,Good,264000
Suburbs,38,1373.0,4.0,2.0,0.0,0,1,Good,129000
Suburbs,24,4437.0,3.0,2.0,2.0,1,1,Good,554000
Uptown,19,4062.0,4.0,3.0,0.0,0,1,Poor,608000
Midtown,1,3020.0,5.0,,,0,2,Poor,418000
Uptown,38,3581.0,3.0,2.0,1.0,0,1,Good,647000
Downtown,5,1928.0,1.0,1.0,0.0,0,1,Good,345000
Midtown,16,4467.0,4.0,,0.0,0,1,Good,676000
Uptown,58,2849.0,5.0,4.0,1.0,0,1,Good,510000
Downtown,24,2778.0,1.0,1.0,2.0,1,1,Good,500000
Downtown,56,2254.0,1.0,1.0,1.0,0,2,Excellent,331000
Midtown,27,1422.0,1.0,1.0,1.0,0,2,Fair,161000
Rural,1,,1.0,1.0,1.0,0,2,Fair,351000
Midtown,34,3484.0,3.0,1.0,,1,2,Fair,447000
Downtown,36,,6.0,2.0,2.0,0,1,Good,487000
Midtown,4,1536.0,3.0,2.0,0.0,0,2,Good,307000
Suburbs,0,1916.0,3.0,2.0,2.0,1,1,Fair,302000
Downtown,39,3047.0,5.0,3.0,1.0,0,1,Good,525000
Downtown,11,3479.0,5.0,2.0,2.0,1,2,Fair,641000
Midtown,55,3145.0,6.0,,,0,1,Good,463000
Rural,35,2781.0,5.0,,,0,2,Good,280000
Rural,44,3149.0,2.0,2.0,0.0,1,1,Good,281000
Suburbs,22,813.0,6.0,3.0,0.0,0,2,Poor,107000
Uptown,46,3113.0,5.0,3.0,1.0,0,1,Excellent,655000
Suburbs,30,3583.0,6.0,3.0,1.0,1,1,Good,481000
Midtown,10,2756.0,3.0,1.0,1.0,0,2,Fair,399000
Suburbs,9,2497.0,3.0,2.0,0.0,0,1,Fair,321000
Suburbs,2,1537.0,,4.0,1.0,0,1,Good,264000
Suburbs,53,2156.0,2.0,1.0,2.0,0,1,Excellent,269000
Suburbs,13,3989.0,2.0,1.0,1.0,1,2,Excellent,594000
Midtown,15,4008.0,6.0,4.0,1.0,0,2,Good,660000
Rural,9,3948.0,5.0,3.0,1.0,0,1,Excellent,457000
Suburbs,28,3591.0,4.0,3.0,2.0,0,3,Poor,374000
Uptown,9,3134.0,2.0,1.0,1.0,1,2,Poor,506000
Suburbs,11,4483.0,1.0,1.0,1.0,0,2,Excellent,680000
Rural,29,2278.0,3.0,2.0,2.0,0,2,Good,232000
Uptown,40,4306.0,6.0,4.0,,1,1,Good,896000
Rural,0,1514.0,1.0,1.0,,0,2,Good,159000
Downtown,4,1593.0,,3.0,1.0,0,1,Excellent,419000
Uptown,19,4395.0,3.0,2.0,2.0,0,1,Good,824000
Rural,7,3782.0,,2.0,1.0,0,3,Excellent,454000
Suburbs,42,1624.0,2.0,,0.0,0,2,Good,145000
Downtown,11,1197.0,,2.0,0.0,0,1,Fair,235000
Midtown,0,2679.0,1.0,1.0,2.0,1,1,Excellent,511000
Rural,56,4194.0,6.0,,1.0,0,2,Fair,377000
Rural,53,1904.0,3.0,2.0,,0,1,Excellent,157000
Uptown,19,1655.0,1.0,1.0,1.0,0,1,Good,291000
Midtown,27,1543.0,4.0,,1.0,1,1,Good,272000
Downtown,56,2429.0,1.0,1.0,0.0,0,1,Good,304000
Suburbs,42,3083.0,5.0,4.0,0.0,0,2,Poor,296000
Suburbs,36,1513.0,1.0,1.0,2.0,0,1,Fair,157000
Midtown,46,726.0,5.0,2.0,2.0,0,2,Excellent,148000
Downtown,36,3725.0,,3.0,1.0,1,1,Excellent,746000
Rural,11,,5.0,4.0,1.0,1,2,Good,262000
Midtown,36,,4.0,2.0,1.0,0,3,Excellent,745000
Uptown,48,1992.0,,1.0,1.0,0,2,Excellent,350000
Suburbs,48,1321.0,1.0,1.0,1.0,0,2,Good,137000
Midtown,55,,4.0,,0.0,0,3,Poor,277000
Downtown,43,1370.0,3.0,2.0,1.0,0,1,Excellent,223000
Midtown,55,2952.0,2.0,1.0,2.0,0,2,Good,397000
Downtown,27,2749.0,1.0,1.0,2.0,0,2,Excellent,537000
Suburbs,46,2585.0,2.0,1.0,0.0,0,1,Excellent,339000
Midtown,14,3489.0,6.0,3.0,2.0,0,1,Excellent,685000
Downtown,5,,6.0,5.0,1.0,0,3,Good,515000
Suburbs,43,687.0,4.0,2.0,1.0,0,2,Fair,84000
Midtown,58,1580.0,6.0,4.0,0.0,0,1,Good,215000
Midtown,19,1440.0,6.0,2.0,1.0,0,1,Good,267000
Rural,49,3591.0,3.0,1.0,1.0,0,2,Poor,239000
Rural,13,2820.0,3.0,2.0,1.0,1,2,Good,301000
Rural,1,3690.0,,2.0,2.0,1,2,Good,408000
Suburbs,8,3130.0,6.0,,2.0,0,2,Excellent,547000
Suburbs,36,3063.0,4.0,3.0,1.0,0,2,Fair,374000
Downtown,19,3792.0,5.0,3.0,2.0,1,2,Good,767000
Uptown,25,1025.0,5.0,,1.0,0,2,Poor,213000
Rural,28,,2.0,2.0,1.0,0,2,Poor,305000
Suburbs,0,4299.0,5.0,3.0,1.0,1,2,Poor,470000
Suburbs,54,4312.0,5.0,4.0,0.0,1,1,Good,502000
Uptown,34,835.0,3.0,2.0,1.0,1,1,Poor,138000
Downtown,5,,3.0,1.0,1.0,1,3,Good,633000
Rural,36,1578.0,6.0,4.0,,1,1,Fair,182000
Rural,52,,2.0,1.0,,0,1,Excellent,248000
Rural,58,3447.0,1.0,1.0,1.0,0,1,Excellent,290000
Downtown,4,4459.0,2.0,1.0,1.0,0,2,Excellent,912000
Uptown,32,3313.0,2.0,1.0,0.0,0,1,Excellent,629000
Uptown,48,,4.0,2.0,1.0,0,1,Excellent,600000
Rural,50,,6.0,5.0,1.0,0,1,Excellent,72000
Rural,13,,4.0,3.0,2.0,0,2,Good,411000
Uptown,11,1093.0,2.0,1.0,1.0,0,1,Fair,203000
Midtown,41,2438.0,2.0,1.0,0.0,0,1,Fair,311000
Downtown,19,,2.0,1.0,1.0,0,1,Fair,451000
Rural,52,3759.0,5.0,3.0,0.0,0,2,Good,337000
Rural,49,559.0,4.0,3.0,1.0,0,1,Good,50000
Suburbs,23,3462.0,2.0,1.0,1.0,0,1,Excellent,495000
Midtown,58,4388.0,3.0,,2.0,0,2,Excellent,708000
Uptown,42,3890.0,,4.0,0.0,0,3,Good,730000
Uptown,33,2401.0,6.0,5.0,1.0,0,2,Good,485000
Suburbs,24,2758.0,3.0,1.0,0.0,0,3,Excellent,376000
Downtown,49,905.0,6.0,3.0,1.0,0,2,Fair,170000
Uptown,28,1163.0,5.0,2.0,1.0,0,1,Good,236000
Midtown,56,1632.0,5.0,3.0,2.0,1,2,Fair,228000
Downtown,38,1599.0,1.0,1.0,1.0,0,1,Good,220000
Uptown,30,1041.0,1.0,1.0,0.0,0,2,Fair,164000
Uptown,55,1837.0,,1.0,1.0,0,1,Excellent,278000
Rural,46,1497.0,6.0,4.0,0.0,0,1,Good,141000
Rural,42,1640.0,5.0,2.0,0.0,0,3,Fair,128000
Suburbs,49,,5.0,3.0,1.0,0,1,Fair,404000
Downtown,22,1367.0,5.0,3.0,0.0,0,2,Good,277000
Suburbs,43,4275.0,3.0,2.0,0.0,0,1,Excellent,536000
Midtown,37,,5.0,3.0,2.0,0,1,Good,405000
Downtown,19,931.0,3.0,2.0,1.0,0,2,Good,164000
Suburbs,22,4256.0,1.0,1.0,0.0,0,2,Good,488000
Suburbs,44,1239.0,1.0,1.0,1.0,1,2,Good,134000
Rural,51,1873.0,6.0,4.0,1.0,0,1,Good,201000
Uptown,15,,1.0,1.0,1.0,0,2,Good,140000
Suburbs,49,2660.0,6.0,3.0,1.0,0,2,Good,315000
Suburbs,41,1706.0,2.0,1.0,0.0,0,2,Good,165000
Midtown,59,3028.0,2.0,1.0,1.0,1,1,Good,411000
Suburbs,54,1669.0,4.0,3.0,1.0,0,3,Excellent,204000
Suburbs,7,1330.0,6.0,3.0,1.0,1,2,Excellent,304000
Suburbs,49,2151.0,4.0,2.0,2.0,0,3,Good,252000
Downtown,20,1636.0,4.0,2.0,1.0,1,2,Good,331000
Downtown,0,3310.0,2.0,2.0,1.0,0,2,Fair,579000
Suburbs,54,975.0,6.0,3.0,1.0,1,1,Excellent,130000
Suburbs,7,3310.0,2.0,1.0,1.0,0,1,Good,390000
Uptown,28,1826.0,4.0,2.0,0.0,0,2,Fair,320000
Suburbs,31,1470.0,6.0,3.0,0.0,0,1,Good,195000
Rural,37,,4.0,2.0,2.0,0,1,Excellent,470000
Rural,4,1519.0,5.0,3.0,1.0,1,1,Fair,188000
Downtown,46,1641.0,,3.0,,0,1,Good,323000
Rural,21,2336.0,6.0,2.0,1.0,0,3,Good,248000
Downtown,46,660.0,4.0,3.0,1.0,0,2,Poor,64000
Uptown,33,,5.0,3.0,0.0,0,1,Fair,499000
Downtown,0,697.0,,2.0,2.0,0,1,Excellent,233000
Suburbs,54,1783.0,2.0,1.0,0.0,0,2,Excellent,177000
Downtown,54,1159.0,4.0,3.0,2.0,0,2,Fair,161000
Uptown,25,2275.0,6.0,3.0,2.0,1,3,Excellent,605000
Rural,42,1570.0,,2.0,2.0,0,2,Good,135000
Rural,9,2510.0,2.0,1.0,1.0,0,1,Good,267000
Downtown,29,898.0,2.0,1.0,0.0,0,2,Good,114000
Midtown,49,2233.0,3.0,2.0,1.0,0,3,Excellent,338000
Suburbs,17,2082.0,1.0,1.0,1.0,0,2,Good,279000
Uptown,16,2625.0,4.0,2.0,1.0,0,2,Fair,505000
Suburbs,25,2671.0,1.0,1.0,2.0,0,1,Excellent,358000
Downtown,7,574.0,1.0,,1.0,0,2,Good,114000
Downtown,46,4442.0,1.0,1.0,1.0,1,2,Fair,667000
Suburbs,39,,2.0,1.0,1.0,0,1,Good,301000
Rural,48,,5.0,3.0,1.0,0,1,Good,113000
Downtown,11,3971.0,2.0,1.0,1.0,1,1,Excellent,855000
Midtown,26,1336.0,2.0,1.0,2.0,1,1,Good,205000
Suburbs,7,2028.0,6.0,3.0,1.0,0,1,Fair,308000
Rural,24,999.0,6.0,2.0,2.0,0,1,Good,129000
Suburbs,45,2096.0,1.0,1.0,2.0,0,2,Good,223000
Suburbs,3,637.0,2.0,2.0,2.0,1,1,Fair,131000
Rural,32,2597.0,1.0,1.0,0.0,1,1,Good,196000
Downtown,0,2294.0,6.0,5.0,2.0,0,2,Excellent,619000
Downtown,18,1472.0,5.0,3.0,1.0,0,2,Poor,230000
Uptown,30,2142.0,4.0,3.0,0.0,0,2,Good,386000
Uptown,15,4196.0,1.0,1.0,1.0,1,1,Good,800000
Suburbs,13,2385.0,5.0,3.0,1.0,0,2,Fair,295000
Suburbs,52,2801.0,4.0,2.0,0.0,0,1,Good,283000
Rural,47,4201.0,3.0,2.0,0.0,1,2,Good,388000
Suburbs,4,2528.0,1.0,1.0,0.0,0,1,Excellent,362000
Downtown,40,3257.0,1.0,1.0,2.0,0,2,Fair,487000
Downtown,25,4420.0,3.0,2.0,0.0,0,1,Good,744000
Midtown,27,,3.0,1.0,1.0,0,2,Poor,293000
Rural,1,3110.0,1.0,1.0,1.0,0,2,Excellent,364000
Downtown,49,3304.0,3.0,1.0,1.0,0,1,Good,497000
Suburbs,5,4486.0,2.0,1.0,,0,1,Good,563000
Suburbs,8,1949.0,4.0,3.0,0.0,1,2,Fair,289000
Rural,32,1046.0,4.0,3.0,1.0,0,3,Good,119000
Downtown,40,3873.0,4.0,,1.0,0,2,Fair,598000
Downtown,24,1421.0,2.0,1.0,2.0,0,1,Excellent,279000
Midtown,47,1080.0,3.0,2.0,1.0,1,1,Good,151000
Downtown,12,1872.0,5.0,3.0,2.0,1,3,Good,441000
Rural,8,4403.0,3.0,2.0,0.0,0,2,Good,418000
Suburbs,52,2456.0,1.0,1.0,1.0,0,2,Good,227000
Downtown,12,2503.0,6.0,4.0,1.0,0,3,Good,521000
Suburbs,30,2596.0,4.0,2.0,2.0,0,2,Good,328000
Midtown,40,3464.0,3.0,,0.0,0,2,Good,457000
Uptown,10,3645.0,5.0,2.0,0.0,1,1,Good,743000
Midtown,3,1203.0,1.0,1.0,1.0,1,1,Good,224000
Suburbs,33,2808.0,2.0,1.0,,0,2,Fair,311000
Rural,37,2903.0,2.0,1.0,0.0,1,1,Excellent,278000
Suburbs,45,4153.0,5.0,4.0,2.0,1,1,Good,541000
Suburbs,3,2125.0,1.0,1.0,1.0,0,1,Good,255000
Uptown,37,3831.0,4.0,3.0,1.0,0,1,Excellent,800000
Downtown,18,1137.0,3.0,2.0,2.0,1,2,Poor,224000
Downtown,5,3290.0,1.0,1.0,1.0,0,2,Excellent,682000
Suburbs,33,3866.0,2.0,1.0,0.0,1,1,Excellent,536000
Downtown,17,1509.0,5.0,,1.0,1,1,Excellent,415000
Downtown,12,3478.0,5.0,3.0,1.0,0,3,Excellent,759000
Rural,40,1140.0,3.0,2.0,1.0,1,1,Good,117000
Suburbs,22,3339.0,5.0,4.0,1.0,0,2,Fair,451000
Uptown,18,3884.0,5.0,3.0,0.0,0,3,Good,748000
Midtown,44,3159.0,1.0,1.0,1.0,0,1,Good,430000
Suburbs,10,2361.0,4.0,2.0,2.0,0,2,Fair,336000
Suburbs,0,3356.0,3.0,2.0,2.0,0,3,Good,466000
Suburbs,23,1705.0,1.0,1.0,2.0,0,1,Good,207000
Rural,53,1185.0,4.0,3.0,2.0,0,2,Excellent,122000
Suburbs,6,2351.0,1.0,1.0,1.0,0,1,Excellent,359000
Rural,24,3935.0,6.0,3.0,2.0,0,1,Excellent,460000
Suburbs,20,687.0,1.0,1.0,0.0,0,2,Good,64000
Rural,14,4140.0,5.0,3.0,1.0,1,2,Excellent,459000
Suburbs,0,4114.0,4.0,3.0,1.0,1,2,Excellent,676000
Suburbs,11,2119.0,3.0,2.0,0.0,0,1,Good,246000
Uptown,57,2187.0,3.0,2.0,2.0,1,1,Fair,347000
Midtown,6,1484.0,4.0,3.0,2.0,0,2,Excellent,334000
Downtown,14,,5.0,3.0,1.0,0,1,Excellent,263000
Uptown,20,3272.0,2.0,2.0,2.0,0,2,Good,633000
Suburbs,18,3473.0,1.0,1.0,0.0,0,2,Poor,323000
Uptown,59,1931.0,5.0,3.0,1.0,1,2,Good,366000
Midtown,28,1375.0,6.0,4.0,1.0,0,2,Poor,177000
Suburbs,24,1117.0,4.0,3.0,1.0,0,1,Excellent,174000
Downtown,32,2961.0,,,2.0,0,1,Excellent,559000
Suburbs,48,1865.0,3.0,2.0,2.0,0,1,Fair,203000
Rural,31,1743.0,2.0,1.0,2.0,0,2,Good,171000
Rural,48,1402.0,6.0,3.0,1.0,0,2,Poor,93000
Suburbs,34,662.0,3.0,2.0,2.0,0,2,Good,85000
Downtown,43,,4.0,2.0,0.0,0,2,Good,400000
Midtown,37,3791.0,,1.0,2.0,0,3,Good,502000
Uptown,25,769.0,4.0,3.0,1.0,0,1,Good,181000
Rural,10,1131.0,1.0,1.0,0.0,0,1,Fair,109000
Downtown,34,1405.0,5.0,3.0,1.0,0,1,Good,243000
Suburbs,7,4419.0,2.0,1.0,,0,2,Fair,526000
Downtown,45,3971.0,5.0,3.0,1.0,0,1,Good,693000
Uptown,13,3753.0,5.0,2.0,1.0,1,2,Poor,633000
Downtown,9,2514.0,4.0,2.0,0.0,0,2,Good,477000
Rural,1,2141.0,,1.0,0.0,1,3,Excellent,278000
Suburbs,45,4300.0,1.0,1.0,0.0,0,3,Excellent,568000
Rural,8,704.0,1.0,1.0,1.0,0,1,Excellent,87000
Rural,2,1081.0,6.0,3.0,,1,1,Excellent,177000
Midtown,20,2079.0,3.0,2.0,1.0,0,2,Fair,324000
Suburbs,25,1340.0,,5.0,1.0,0,1,Fair,198000
Downtown,7,2336.0,6.0,4.0,2.0,0,1,Good,497000
Downtown,47,1751.0,1.0,1.0,,0,2,Excellent,286000
Uptown,1,2219.0,4.0,3.0,1.0,0,1,Excellent,568000
Uptown,5,2142.0,,3.0,2.0,1,2,Poor,419000
Rural,27,3143.0,5.0,2.0,2.0,0,2,Good,307000
Rural,52,,5.0,4.0,2.0,0,1,Fair,369000
Rural,28,2797.0,2.0,1.0,1.0,1,1,Good,284000
Downtown,25,,1.0,1.0,0.0,1,1,Good,224000
Uptown,24,1964.0,4.0,3.0,1.0,0,2,Fair,366000
Suburbs,11,4104.0,2.0,1.0,1.0,0,1,Good,503000
Suburbs,4,2743.0,3.0,2.0,1.0,1,2,Good,407000
Rural,33,1189.0,4.0,3.0,1.0,0,1,Good,125000
Downtown,47,2510.0,6.0,3.0,2.0,0,1,Poor,352000
Downtown,36,4090.0,4.0,3.0,2.0,1,1,Excellent,855000
Midtown,14,3641.0,4.0,2.0,,0,1,Good,572000
Downtown,43,3186.0,5.0,,0.0,0,1,Excellent,595000
Rural,35,1922.0,4.0,3.0,0.0,0,2,Excellent,176000
Suburbs,14,2501.0,,3.0,2.0,0,2,Fair,361000
Suburbs,42,1171.0,6.0,4.0,1.0,1,1,Fair,162000
Suburbs,47,4331.0,1.0,1.0,1.0,0,1,Good,484000
Suburbs,22,3774.0,4.0,3.0,1.0,0,2,Fair,465000
Midtown,5,1671.0,5.0,3.0,1.0,0,2,Excellent,368000
Suburbs,45,1995.0,4.0,3.0,1.0,0,1,Good,228000
Rural,49,4226.0,3.0,,1.0,0,2,Excellent,405000
Suburbs,43,1443.0,3.0,2.0,2.0,0,1,Fair,144000
Rural,58,2746.0,5.0,3.0,,0,2,Good,236000
Uptown,42,4488.0,1.0,1.0,2.0,1,1,Good,812000
Midtown,44,,1.0,1.0,2.0,0,1,Poor,221000
Suburbs,20,4237.0,6.0,5.0,1.0,0,3,Good,591000
Downtown,22,3039.0,6.0,4.0,1.0,1,1,Excellent,702000
Suburbs,42,4459.0,2.0,1.0,2.0,0,2,Good,544000
Rural,54,1395.0,5.0,2.0,2.0,0,1,Good,118000
Downtown,15,2689.0,4.0,2.0,0.0,1,2,Fair,470000
Suburbs,46,1836.0,5.0,3.0,1.0,0,2,Good,253000
Rural,52,664.0,2.0,1.0,0.0,0,1,Excellent,50000
Suburbs,59,2861.0,6.0,5.0,1.0,0,2,Excellent,375000
Midtown,14,2568.0,5.0,2.0,1.0,0,2,Good,450000
Downtown,24,1605.0,5.0,4.0,1.0,1,2,Excellent,399000
Downtown,35,4152.0,,4.0,0.0,0,2,Good,720000
Midtown,10,3702.0,2.0,1.0,1.0,1,2,Fair,572000
Suburbs,50,4170.0,6.0,,2.0,1,1,Fair,529000
Rural,14,2253.0,1.0,1.0,,0,1,Excellent,224000
Suburbs,3,3531.0,4.0,3.0,1.0,0,2,Fair,482000
Suburbs,20,2852.0,6.0,4.0,1.0,0,2,Good,411000
Midtown,12,2438.0,2.0,1.0,2.0,0,1,Good,375000
Midtown,21,870.0,3.0,2.0,,0,2,Good,132000
Rural,18,2380.0,1.0,1.0,2.0,1,2,Good,264000
Suburbs,33,1352.0,3.0,2.0,1.0,1,1,Fair,149000
Rural,13,883.0,6.0,5.0,,0,1,Fair,154000
Suburbs,3,2431.0,1.0,1.0,2.0,0,2,Good,343000
Downtown,47,2992.0,4.0,2.0,1.0,1,1,Good,519000
Uptown,52,924.0,6.0,4.0,0.0,0,2,Good,162000
Downtown,51,2708.0,4.0,,1.0,1,2,Good,489000
Uptown,45,,5.0,,1.0,0,1,Fair,669000
Suburbs,26,1128.0,,2.0,0.0,0,1,Excellent,144000
Midtown,46,3492.0,1.0,1.0,1.0,1,1,Good,485000
Downtown,22,1367.0,5.0,3.0,0.0,0,2,Good,277000
Suburbs,26,964.0,6.0,5.0,1.0,0,1,Good,169000
Downtown,25,1189.0,1.0,,2.0,0,3,Fair,213000
Uptown,59,,3.0,2.0,,1,3,Poor,328000
Suburbs,34,662.0,3.0,2.0,2.0,0,2,Good,85000
Downtown,44,761.0,4.0,,,0,2,Good,134000
Uptown,28,1163.0,5.0,2.0,1.0,0,1,Good,236000
Downtown,12,4007.0,4.0,2.0,,1,2,Fair,712000
Downtown,17,3273.0,5.0,3.0,2.0,1,1,Good,641000
